{
  "black_scholes_ms": 0.019514000086928718,
  "monte_carlo_ms_p50": 1.3042819998645427,
  "monte_carlo_ms_runs": [
    0.981020999915927,
    1.090076000082263,
    1.2178340000446042,
    1.238586999988911,
    1.2625530000605067,
    1.3042819998645427,
    1.322721999940768,
    1.3414239999747224,
    1.3925440000548406,
    1.4321589999326534
  ]
}
