{
  "black_scholes_ms": 0.023186000134955975,
  "monte_carlo_ms_p50": 1.7361699999582925,
  "monte_carlo_ms_runs": [
    1.5732209999441693,
    1.6215890000239597,
    1.6440700001112418,
    1.659492000044338,
    1.7099359999974695,
    1.7361699999582925,
    1.7631129999244877,
    1.7799400000058085,
    1.787255000181176,
    1.88405100016098
  ]
}
