{
  "black_scholes_ms": 0.024616000018795603,
  "monte_carlo_ms_p50": 1.6310639998664556,
  "monte_carlo_ms_runs": [
    1.4880809999340272,
    1.5038369999729184,
    1.5136360000269633,
    1.5219800000068062,
    1.5877380001256824,
    1.6310639998664556,
    1.6545739999855869,
    1.6885039999579021,
    1.7458439999700204,
    1.7519430000447755
  ]
}
